{
  "op": 44,
  "layers": [
    {
      "op": 750,
      "st": 0,
      "ln": "precomp_1565165951144",
      "ddd": 0,
      "ty": 0,
      "ip": 0,
      "h": 1000,
      "ks": {
        "o": {
          "a": 0,
          "k": 100,
          "ix": 11
        },
        "r": {
          "a": 0,
          "k": 0,
          "ix": 10
        },
        "p": {
          "a": 0,
          "k": [
            375,
            375,
            0
          ],
          "ix": 2
        },
        "a": {
          "a": 0,
          "k": [
            500,
            500,
            0
          ],
          "ix": 1
        },
        "s": {
          "a": 0,
          "k": [
            75,
            75,
            0
          ],
          "ix": 6
        }
      },
      "cl": "precomp handlehook",
      "bm": 0,
      "ao": 0,
      "refId": "0",
      "w": 1000,
      "nm": "precomp_1565165951144",
      "sr": 1,
      "ind": 1
    }
  ],
  "assets": [
    {
      "id": "0",
      "layers": [
        {
          "op": 132,
          "st": 16,
          "ddd": 0,
          "ty": 4,
          "ip": 17,
          "ks": {
            "o": {
              "a": 1,
              "k": [
                {
                  "i": {
                    "x": [
                      0.667
                    ],
                    "y": [
                      1
                    ]
                  },
                  "o": {
                    "x": [
                      0.333
                    ],
                    "y": [
                      0
                    ]
                  },
                  "t": 17,
                  "s": [
                    60
                  ],
                  "e": [
                    100
                  ]
                },
                {
                  "i": {
                    "x": [
                      0.667
                    ],
                    "y": [
                      1
                    ]
                  },
                  "o": {
                    "x": [
                      0.333
                    ],
                    "y": [
                      0
                    ]
                  },
                  "t": 21,
                  "s": [
                    100
                  ],
                  "e": [
                    100
                  ]
                },
                {
                  "i": {
                    "x": [
                      0.667
                    ],
                    "y": [
                      1
                    ]
                  },
                  "o": {
                    "x": [
                      0.333
                    ],
                    "y": [
                      0
                    ]
                  },
                  "t": 25,
                  "s": [
                    100
                  ],
                  "e": [
                    3
                  ]
                },
                {
                  "t": 30
                }
              ],
              "ix": 11
            },
            "r": {
              "a": 0,
              "k": 0,
              "ix": 10
            },
            "p": {
              "a": 1,
              "k": [
                {
                  "i": {
                    "x": 0.451,
                    "y": 1
                  },
                  "o": {
                    "x": 0.244,
                    "y": 0
                  },
                  "t": 17,
                  "s": [
                    506,
                    488,
                    0
                  ],
                  "e": [
                    950,
                    162,
                    0
                  ],
                  "to": [
                    74,
                    -54.333,
                    0
                  ],
                  "ti": [
                    -39.667,
                    29.333,
                    0
                  ]
                },
                {
                  "i": {
                    "x": 0.609,
                    "y": 1
                  },
                  "o": {
                    "x": 0.196,
                    "y": 0
                  },
                  "t": 21,
                  "s": [
                    950,
                    162,
                    0
                  ],
                  "e": [
                    744,
                    312,
                    0
                  ],
                  "to": [
                    39.667,
                    -29.333,
                    0
                  ],
                  "ti": [
                    16.667,
                    -12.333,
                    0
                  ]
                },
                {
                  "i": {
                    "x": 0.598,
                    "y": 1
                  },
                  "o": {
                    "x": 0.139,
                    "y": 0
                  },
                  "t": 25,
                  "s": [
                    744,
                    312,
                    0
                  ],
                  "e": [
                    850,
                    236,
                    0
                  ],
                  "to": [
                    -16.667,
                    12.333,
                    0
                  ],
                  "ti": [
                    -17.667,
                    12.667,
                    0
                  ]
                },
                {
                  "t": 30
                }
              ],
              "ix": 2
            },
            "a": {
              "a": 0,
              "k": [
                0,
                0,
                0
              ],
              "ix": 1
            },
            "s": {
              "a": 1,
              "k": [
                {
                  "i": {
                    "x": [
                      0.667,
                      0.667,
                      0.667
                    ],
                    "y": [
                      1,
                      1,
                      1
                    ]
                  },
                  "o": {
                    "x": [
                      0.333,
                      0.333,
                      0.333
                    ],
                    "y": [
                      0,
                      0,
                      0
                    ]
                  },
                  "t": 17,
                  "s": [
                    121,
                    121,
                    100
                  ],
                  "e": [
                    131,
                    131,
                    100
                  ]
                },
                {
                  "i": {
                    "x": [
                      0.667,
                      0.667,
                      0.667
                    ],
                    "y": [
                      1,
                      1,
                      1
                    ]
                  },
                  "o": {
                    "x": [
                      0.333,
                      0.333,
                      0.333
                    ],
                    "y": [
                      0,
                      0,
                      0
                    ]
                  },
                  "t": 21,
                  "s": [
                    131,
                    131,
                    100
                  ],
                  "e": [
                    131,
                    131,
                    100
                  ]
                },
                {
                  "i": {
                    "x": [
                      0.667,
                      0.667,
                      0.667
                    ],
                    "y": [
                      1,
                      1,
                      1
                    ]
                  },
                  "o": {
                    "x": [
                      0.333,
                      0.333,
                      0.333
                    ],
                    "y": [
                      0,
                      0,
                      0
                    ]
                  },
                  "t": 25,
                  "s": [
                    131,
                    131,
                    100
                  ],
                  "e": [
                    169,
                    169,
                    100
                  ]
                },
                {
                  "t": 30
                }
              ],
              "ix": 6
            }
          },
          "bm": 0,
          "ao": 0,
          "shapes": [
            {
              "np": 3,
              "ty": "gr",
              "bm": 0,
              "it": [
                {
                  "d": 1,
                  "ty": "el",
                  "s": {
                    "a": 0,
                    "k": [
                      15.027,
                      15.027
                    ],
                    "ix": 2
                  },
                  "p": {
                    "a": 0,
                    "k": [
                      0,
                      0
                    ],
                    "ix": 3
                  },
                  "nm": "椭圆路径 1",
                  "hd": false
                },
                {
                  "ty": "fl",
                  "c": {
                    "a": 0,
                    "k": [
                      1,
                      1,
                      1,
                      1
                    ],
                    "ix": 4
                  },
                  "o": {
                    "a": 0,
                    "k": 100,
                    "ix": 5
                  },
                  "r": 1,
                  "bm": 0,
                  "nm": "填充 1",
                  "hd": false
                },
                {
                  "a": {
                    "a": 0,
                    "k": [
                      0,
                      0
                    ],
                    "ix": 1
                  },
                  "ty": "tr",
                  "sa": {
                    "a": 0,
                    "k": 0,
                    "ix": 5
                  },
                  "o": {
                    "a": 0,
                    "k": 100,
                    "ix": 7
                  },
                  "p": {
                    "a": 0,
                    "k": [
                      -0.236,
                      0.514
                    ],
                    "ix": 2
                  },
                  "r": {
                    "a": 0,
                    "k": 0,
                    "ix": 6
                  },
                  "s": {
                    "a": 0,
                    "k": [
                      100,
                      100
                    ],
                    "ix": 3
                  },
                  "sk": {
                    "a": 0,
                    "k": 0,
                    "ix": 4
                  },
                  "nm": "变换"
                }
              ],
              "ix": 1,
              "cix": 2,
              "hd": false,
              "nm": "椭圆 1"
            }
          ],
          "nm": "形状图层 5",
          "sr": 1,
          "ind": 1
        },
        {
          "op": 134,
          "st": 18,
          "ddd": 0,
          "ty": 4,
          "ip": 16,
          "ks": {
            "o": {
              "a": 1,
              "k": [
                {
                  "i": {
                    "x": [
                      0.667
                    ],
                    "y": [
                      1
                    ]
                  },
                  "o": {
                    "x": [
                      0.333
                    ],
                    "y": [
                      0
                    ]
                  },
                  "t": 16,
                  "s": [
                    54
                  ],
                  "e": [
                    100
                  ]
                },
                {
                  "i": {
                    "x": [
                      0.667
                    ],
                    "y": [
                      1
                    ]
                  },
                  "o": {
                    "x": [
                      0.333
                    ],
                    "y": [
                      0
                    ]
                  },
                  "t": 19,
                  "s": [
                    100
                  ],
                  "e": [
                    100
                  ]
                },
                {
                  "i": {
                    "x": [
                      0.667
                    ],
                    "y": [
                      1
                    ]
                  },
                  "o": {
                    "x": [
                      0.333
                    ],
                    "y": [
                      0
                    ]
                  },
                  "t": 24,
                  "s": [
                    100
                  ],
                  "e": [
                    0
                  ]
                },
                {
                  "t": 29
                }
              ],
              "ix": 11
            },
            "r": {
              "a": 0,
              "k": 0,
              "ix": 10
            },
            "p": {
              "a": 1,
              "k": [
                {
                  "i": {
                    "x": 0.507,
                    "y": 1
                  },
                  "o": {
                    "x": 0.067,
                    "y": 0
                  },
                  "t": 16,
                  "s": [
                    504,
                    480,
                    0
                  ],
                  "e": [
                    238,
                    122,
                    0
                  ],
                  "to": [
                    -44.333,
                    -59.667,
                    0
                  ],
                  "ti": [
                    24,
                    32.333,
                    0
                  ]
                },
                {
                  "i": {
                    "x": 0.412,
                    "y": 1
                  },
                  "o": {
                    "x": 0.453,
                    "y": 0
                  },
                  "t": 19,
                  "s": [
                    238,
                    122,
                    0
                  ],
                  "e": [
                    360,
                    286,
                    0
                  ],
                  "to": [
                    -24,
                    -32.333,
                    0
                  ],
                  "ti": [
                    -12,
                    -16.167,
                    0
                  ]
                },
                {
                  "i": {
                    "x": 0,
                    "y": 1
                  },
                  "o": {
                    "x": 0.341,
                    "y": 0
                  },
                  "t": 24,
                  "s": [
                    360,
                    286,
                    0
                  ],
                  "e": [
                    310,
                    219,
                    0
                  ],
                  "to": [
                    12,
                    16.167,
                    0
                  ],
                  "ti": [
                    8.333,
                    11.167,
                    0
                  ]
                },
                {
                  "t": 29
                }
              ],
              "ix": 2
            },
            "a": {
              "a": 0,
              "k": [
                0,
                0,
                0
              ],
              "ix": 1
            },
            "s": {
              "a": 1,
              "k": [
                {
                  "i": {
                    "x": [
                      0.667,
                      0.667,
                      0.667
                    ],
                    "y": [
                      1,
                      1,
                      1
                    ]
                  },
                  "o": {
                    "x": [
                      0.333,
                      0.333,
                      0.333
                    ],
                    "y": [
                      0,
                      0,
                      0
                    ]
                  },
                  "t": 16,
                  "s": [
                    111,
                    111,
                    100
                  ],
                  "e": [
                    187,
                    187,
                    100
                  ]
                },
                {
                  "i": {
                    "x": [
                      0.667,
                      0.667,
                      0.667
                    ],
                    "y": [
                      1,
                      1,
                      1
                    ]
                  },
                  "o": {
                    "x": [
                      0.333,
                      0.333,
                      0.333
                    ],
                    "y": [
                      0,
                      0,
                      0
                    ]
                  },
                  "t": 19,
                  "s": [
                    187,
                    187,
                    100
                  ],
                  "e": [
                    125,
                    125,
                    100
                  ]
                },
                {
                  "i": {
                    "x": [
                      0.667,
                      0.667,
                      0.667
                    ],
                    "y": [
                      1,
                      1,
                      1
                    ]
                  },
                  "o": {
                    "x": [
                      0.333,
                      0.333,
                      0.333
                    ],
                    "y": [
                      0,
                      0,
                      0
                    ]
                  },
                  "t": 24,
                  "s": [
                    125,
                    125,
                    100
                  ],
                  "e": [
                    165,
                    165,
                    100
                  ]
                },
                {
                  "t": 29
                }
              ],
              "ix": 6
            }
          },
          "bm": 0,
          "ao": 0,
          "shapes": [
            {
              "np": 3,
              "ty": "gr",
              "bm": 0,
              "it": [
                {
                  "d": 1,
                  "ty": "el",
                  "s": {
                    "a": 0,
                    "k": [
                      28.602,
                      28.602
                    ],
                    "ix": 2
                  },
                  "p": {
                    "a": 0,
                    "k": [
                      0,
                      0
                    ],
                    "ix": 3
                  },
                  "nm": "椭圆路径 1",
                  "hd": false
                },
                {
                  "ty": "fl",
                  "c": {
                    "a": 0,
                    "k": [
                      1,
                      1,
                      1,
                      1
                    ],
                    "ix": 4
                  },
                  "o": {
                    "a": 0,
                    "k": 100,
                    "ix": 5
                  },
                  "r": 1,
                  "bm": 0,
                  "nm": "填充 1",
                  "hd": false
                },
                {
                  "a": {
                    "a": 0,
                    "k": [
                      0,
                      0
                    ],
                    "ix": 1
                  },
                  "ty": "tr",
                  "sa": {
                    "a": 0,
                    "k": 0,
                    "ix": 5
                  },
                  "o": {
                    "a": 0,
                    "k": 100,
                    "ix": 7
                  },
                  "p": {
                    "a": 0,
                    "k": [
                      -1.699,
                      0.301
                    ],
                    "ix": 2
                  },
                  "r": {
                    "a": 0,
                    "k": 0,
                    "ix": 6
                  },
                  "s": {
                    "a": 0,
                    "k": [
                      100,
                      100
                    ],
                    "ix": 3
                  },
                  "sk": {
                    "a": 0,
                    "k": 0,
                    "ix": 4
                  },
                  "nm": "变换"
                }
              ],
              "ix": 1,
              "cix": 2,
              "hd": false,
              "nm": "椭圆 1"
            }
          ],
          "nm": "形状图层 4",
          "sr": 1,
          "ind": 2
        },
        {
          "op": 131,
          "st": 15,
          "ddd": 0,
          "ty": 4,
          "ip": 14,
          "ks": {
            "o": {
              "a": 1,
              "k": [
                {
                  "i": {
                    "x": [
                      0.667
                    ],
                    "y": [
                      1
                    ]
                  },
                  "o": {
                    "x": [
                      0.333
                    ],
                    "y": [
                      0
                    ]
                  },
                  "t": 14,
                  "s": [
                    44
                  ],
                  "e": [
                    100
                  ]
                },
                {
                  "i": {
                    "x": [
                      0.667
                    ],
                    "y": [
                      1
                    ]
                  },
                  "o": {
                    "x": [
                      0.333
                    ],
                    "y": [
                      0
                    ]
                  },
                  "t": 18,
                  "s": [
                    100
                  ],
                  "e": [
                    100
                  ]
                },
                {
                  "i": {
                    "x": [
                      0.667
                    ],
                    "y": [
                      1
                    ]
                  },
                  "o": {
                    "x": [
                      0.333
                    ],
                    "y": [
                      0
                    ]
                  },
                  "t": 23,
                  "s": [
                    100
                  ],
                  "e": [
                    1
                  ]
                },
                {
                  "t": 29
                }
              ],
              "ix": 11
            },
            "r": {
              "a": 0,
              "k": 0,
              "ix": 10
            },
            "p": {
              "a": 1,
              "k": [
                {
                  "i": {
                    "x": 0.383,
                    "y": 1
                  },
                  "o": {
                    "x": 0.333,
                    "y": 0
                  },
                  "t": 14,
                  "s": [
                    506,
                    522,
                    0
                  ],
                  "e": [
                    410,
                    844,
                    0
                  ],
                  "to": [
                    -16,
                    53.667,
                    0
                  ],
                  "ti": [
                    8.333,
                    -28,
                    0
                  ]
                },
                {
                  "i": {
                    "x": 0.572,
                    "y": 1
                  },
                  "o": {
                    "x": 0,
                    "y": 0
                  },
                  "t": 18,
                  "s": [
                    410,
                    844,
                    0
                  ],
                  "e": [
                    456,
                    690,
                    0
                  ],
                  "to": [
                    -8.333,
                    28,
                    0
                  ],
                  "ti": [
                    -4,
                    13.667,
                    0
                  ]
                },
                {
                  "i": {
                    "x": 0.167,
                    "y": 1
                  },
                  "o": {
                    "x": 0,
                    "y": 0
                  },
                  "t": 23,
                  "s": [
                    456,
                    690,
                    0
                  ],
                  "e": [
                    434,
                    762,
                    0
                  ],
                  "to": [
                    4,
                    -13.667,
                    0
                  ],
                  "ti": [
                    2,
                    -6.667,
                    0
                  ]
                },
                {
                  "t": 29
                }
              ],
              "ix": 2
            },
            "a": {
              "a": 0,
              "k": [
                -86,
                318,
                0
              ],
              "ix": 1
            },
            "s": {
              "a": 1,
              "k": [
                {
                  "i": {
                    "x": [
                      0.667,
                      0.667,
                      0.667
                    ],
                    "y": [
                      1,
                      1,
                      1
                    ]
                  },
                  "o": {
                    "x": [
                      0.333,
                      0.333,
                      0.333
                    ],
                    "y": [
                      0,
                      0,
                      0
                    ]
                  },
                  "t": 14,
                  "s": [
                    57,
                    57,
                    100
                  ],
                  "e": [
                    100,
                    100,
                    100
                  ]
                },
                {
                  "i": {
                    "x": [
                      0.667,
                      0.667,
                      0.667
                    ],
                    "y": [
                      1,
                      1,
                      1
                    ]
                  },
                  "o": {
                    "x": [
                      0.333,
                      0.333,
                      0.333
                    ],
                    "y": [
                      0,
                      0,
                      0
                    ]
                  },
                  "t": 18,
                  "s": [
                    100,
                    100,
                    100
                  ],
                  "e": [
                    76,
                    76,
                    100
                  ]
                },
                {
                  "i": {
                    "x": [
                      0.667,
                      0.667,
                      0.667
                    ],
                    "y": [
                      1,
                      1,
                      1
                    ]
                  },
                  "o": {
                    "x": [
                      0.333,
                      0.333,
                      0.333
                    ],
                    "y": [
                      0,
                      0,
                      0
                    ]
                  },
                  "t": 23,
                  "s": [
                    76,
                    76,
                    100
                  ],
                  "e": [
                    84,
                    84,
                    100
                  ]
                },
                {
                  "t": 29
                }
              ],
              "ix": 6
            }
          },
          "bm": 0,
          "ao": 0,
          "shapes": [
            {
              "np": 3,
              "ty": "gr",
              "bm": 0,
              "it": [
                {
                  "d": 1,
                  "ty": "el",
                  "s": {
                    "a": 0,
                    "k": [
                      100.875,
                      100.875
                    ],
                    "ix": 2
                  },
                  "p": {
                    "a": 0,
                    "k": [
                      0,
                      0
                    ],
                    "ix": 3
                  },
                  "nm": "椭圆路径 1",
                  "hd": false
                },
                {
                  "ty": "fl",
                  "c": {
                    "a": 0,
                    "k": [
                      1,
                      1,
                      1,
                      1
                    ],
                    "ix": 4
                  },
                  "o": {
                    "a": 0,
                    "k": 100,
                    "ix": 5
                  },
                  "r": 1,
                  "bm": 0,
                  "nm": "填充 1",
                  "hd": false
                },
                {
                  "a": {
                    "a": 0,
                    "k": [
                      0,
                      0
                    ],
                    "ix": 1
                  },
                  "ty": "tr",
                  "sa": {
                    "a": 0,
                    "k": 0,
                    "ix": 5
                  },
                  "o": {
                    "a": 0,
                    "k": 100,
                    "ix": 7
                  },
                  "p": {
                    "a": 0,
                    "k": [
                      -89.562,
                      314.438
                    ],
                    "ix": 2
                  },
                  "r": {
                    "a": 0,
                    "k": 0,
                    "ix": 6
                  },
                  "s": {
                    "a": 0,
                    "k": [
                      100,
                      100
                    ],
                    "ix": 3
                  },
                  "sk": {
                    "a": 0,
                    "k": 0,
                    "ix": 4
                  },
                  "nm": "变换"
                }
              ],
              "ix": 1,
              "cix": 2,
              "hd": false,
              "nm": "椭圆 1"
            }
          ],
          "nm": "形状图层 3",
          "sr": 1,
          "ind": 3
        },
        {
          "op": 126,
          "st": 10,
          "ddd": 0,
          "ty": 4,
          "ip": 10,
          "ks": {
            "o": {
              "a": 1,
              "k": [
                {
                  "i": {
                    "x": [
                      0.667
                    ],
                    "y": [
                      1
                    ]
                  },
                  "o": {
                    "x": [
                      0.333
                    ],
                    "y": [
                      0
                    ]
                  },
                  "t": 11,
                  "s": [
                    0
                  ],
                  "e": [
                    100
                  ]
                },
                {
                  "i": {
                    "x": [
                      0.667
                    ],
                    "y": [
                      1
                    ]
                  },
                  "o": {
                    "x": [
                      0.333
                    ],
                    "y": [
                      0
                    ]
                  },
                  "t": 16,
                  "s": [
                    100
                  ],
                  "e": [
                    100
                  ]
                },
                {
                  "i": {
                    "x": [
                      0.667
                    ],
                    "y": [
                      1
                    ]
                  },
                  "o": {
                    "x": [
                      0.333
                    ],
                    "y": [
                      0
                    ]
                  },
                  "t": 21,
                  "s": [
                    100
                  ],
                  "e": [
                    0
                  ]
                },
                {
                  "t": 26
                }
              ],
              "ix": 11
            },
            "r": {
              "a": 0,
              "k": 0,
              "ix": 10
            },
            "p": {
              "a": 1,
              "k": [
                {
                  "i": {
                    "x": 0.667,
                    "y": 1
                  },
                  "o": {
                    "x": 0.118,
                    "y": 0
                  },
                  "t": 11,
                  "s": [
                    500,
                    500,
                    0
                  ],
                  "e": [
                    885,
                    629,
                    0
                  ],
                  "to": [
                    64.167,
                    21.5,
                    0
                  ],
                  "ti": [
                    -46.5,
                    -15.667,
                    0
                  ]
                },
                {
                  "i": {
                    "x": 0.667,
                    "y": 1
                  },
                  "o": {
                    "x": 0.118,
                    "y": 0
                  },
                  "t": 16,
                  "s": [
                    885,
                    629,
                    0
                  ],
                  "e": [
                    779,
                    594,
                    0
                  ],
                  "to": [
                    46.5,
                    15.667,
                    0
                  ],
                  "ti": [
                    10.417,
                    3,
                    0
                  ]
                },
                {
                  "i": {
                    "x": 0.301,
                    "y": 1
                  },
                  "o": {
                    "x": 0,
                    "y": 0
                  },
                  "t": 21,
                  "s": [
                    779,
                    594,
                    0
                  ],
                  "e": [
                    822.5,
                    611,
                    0
                  ],
                  "to": [
                    -10.417,
                    -3,
                    0
                  ],
                  "ti": [
                    -7.25,
                    -2.833,
                    0
                  ]
                },
                {
                  "t": 26
                }
              ],
              "ix": 2
            },
            "a": {
              "a": 0,
              "k": [
                0,
                0,
                0
              ],
              "ix": 1
            },
            "s": {
              "a": 1,
              "k": [
                {
                  "i": {
                    "x": [
                      0.667,
                      0.667,
                      0.667
                    ],
                    "y": [
                      1,
                      1,
                      1
                    ]
                  },
                  "o": {
                    "x": [
                      0.333,
                      0.333,
                      0.333
                    ],
                    "y": [
                      0,
                      0,
                      0
                    ]
                  },
                  "t": 11,
                  "s": [
                    31,
                    31,
                    100
                  ],
                  "e": [
                    60,
                    60,
                    100
                  ]
                },
                {
                  "i": {
                    "x": [
                      0.667,
                      0.667,
                      0.667
                    ],
                    "y": [
                      1,
                      1,
                      1
                    ]
                  },
                  "o": {
                    "x": [
                      0.333,
                      0.333,
                      0.333
                    ],
                    "y": [
                      0,
                      0,
                      0
                    ]
                  },
                  "t": 16,
                  "s": [
                    60,
                    60,
                    100
                  ],
                  "e": [
                    52,
                    52,
                    100
                  ]
                },
                {
                  "i": {
                    "x": [
                      0.667,
                      0.667,
                      0.667
                    ],
                    "y": [
                      1,
                      1,
                      1
                    ]
                  },
                  "o": {
                    "x": [
                      0.333,
                      0.333,
                      0.333
                    ],
                    "y": [
                      0,
                      0,
                      0
                    ]
                  },
                  "t": 21,
                  "s": [
                    52,
                    52,
                    100
                  ],
                  "e": [
                    56,
                    56,
                    100
                  ]
                },
                {
                  "t": 26
                }
              ],
              "ix": 6
            }
          },
          "bm": 0,
          "ao": 0,
          "shapes": [
            {
              "np": 3,
              "ty": "gr",
              "bm": 0,
              "it": [
                {
                  "d": 1,
                  "ty": "el",
                  "s": {
                    "a": 0,
                    "k": [
                      104.391,
                      104.391
                    ],
                    "ix": 2
                  },
                  "p": {
                    "a": 0,
                    "k": [
                      0,
                      0
                    ],
                    "ix": 3
                  },
                  "nm": "椭圆路径 1",
                  "hd": false
                },
                {
                  "c": {
                    "a": 0,
                    "k": [
                      1,
                      1,
                      1,
                      1
                    ],
                    "ix": 3
                  },
                  "ty": "st",
                  "bm": 0,
                  "o": {
                    "a": 0,
                    "k": 100,
                    "ix": 4
                  },
                  "w": {
                    "a": 0,
                    "k": 25,
                    "ix": 5
                  },
                  "lc": 1,
                  "hd": false,
                  "lj": 1,
                  "ml": 4,
                  "nm": "描边 1"
                },
                {
                  "a": {
                    "a": 0,
                    "k": [
                      0,
                      0
                    ],
                    "ix": 1
                  },
                  "ty": "tr",
                  "sa": {
                    "a": 0,
                    "k": 0,
                    "ix": 5
                  },
                  "o": {
                    "a": 0,
                    "k": 100,
                    "ix": 7
                  },
                  "p": {
                    "a": 0,
                    "k": [
                      0.196,
                      -7.805
                    ],
                    "ix": 2
                  },
                  "r": {
                    "a": 0,
                    "k": 0,
                    "ix": 6
                  },
                  "s": {
                    "a": 0,
                    "k": [
                      100,
                      100
                    ],
                    "ix": 3
                  },
                  "sk": {
                    "a": 0,
                    "k": 0,
                    "ix": 4
                  },
                  "nm": "变换"
                }
              ],
              "ix": 1,
              "cix": 2,
              "hd": false,
              "nm": "椭圆 1"
            }
          ],
          "nm": "形状图层 2",
          "sr": 1,
          "ind": 4
        },
        {
          "op": 122,
          "st": 6,
          "ddd": 0,
          "ty": 4,
          "ip": 8,
          "ks": {
            "o": {
              "a": 1,
              "k": [
                {
                  "i": {
                    "x": [
                      0.667
                    ],
                    "y": [
                      1
                    ]
                  },
                  "o": {
                    "x": [
                      0.333
                    ],
                    "y": [
                      0
                    ]
                  },
                  "t": 8,
                  "s": [
                    0
                  ],
                  "e": [
                    100
                  ]
                },
                {
                  "i": {
                    "x": [
                      0.667
                    ],
                    "y": [
                      1
                    ]
                  },
                  "o": {
                    "x": [
                      0.333
                    ],
                    "y": [
                      0
                    ]
                  },
                  "t": 13,
                  "s": [
                    100
                  ],
                  "e": [
                    100
                  ]
                },
                {
                  "i": {
                    "x": [
                      0.667
                    ],
                    "y": [
                      1
                    ]
                  },
                  "o": {
                    "x": [
                      0.333
                    ],
                    "y": [
                      0
                    ]
                  },
                  "t": 18,
                  "s": [
                    100
                  ],
                  "e": [
                    0
                  ]
                },
                {
                  "t": 23
                }
              ],
              "ix": 11
            },
            "r": {
              "a": 0,
              "k": 0,
              "ix": 10
            },
            "p": {
              "a": 1,
              "k": [
                {
                  "i": {
                    "x": 0.731,
                    "y": 1
                  },
                  "o": {
                    "x": 0.383,
                    "y": 0
                  },
                  "t": 8,
                  "s": [
                    500,
                    500,
                    0
                  ],
                  "e": [
                    84,
                    452,
                    0
                  ],
                  "to": [
                    -69.333,
                    -8,
                    0
                  ],
                  "ti": [
                    44.667,
                    6,
                    0
                  ]
                },
                {
                  "i": {
                    "x": 0.259,
                    "y": 1
                  },
                  "o": {
                    "x": 0.57,
                    "y": 0
                  },
                  "t": 13,
                  "s": [
                    84,
                    452,
                    0
                  ],
                  "e": [
                    232,
                    464,
                    0
                  ],
                  "to": [
                    -44.667,
                    -6,
                    0
                  ],
                  "ti": [
                    -16,
                    -1.167,
                    0
                  ]
                },
                {
                  "i": {
                    "x": 0.116,
                    "y": 1
                  },
                  "o": {
                    "x": 0.128,
                    "y": 0
                  },
                  "t": 18,
                  "s": [
                    232,
                    464,
                    0
                  ],
                  "e": [
                    180,
                    459,
                    0
                  ],
                  "to": [
                    16,
                    1.167,
                    0
                  ],
                  "ti": [
                    8.667,
                    0.833,
                    0
                  ]
                },
                {
                  "t": 23
                }
              ],
              "ix": 2
            },
            "a": {
              "a": 0,
              "k": [
                0,
                0,
                0
              ],
              "ix": 1
            },
            "s": {
              "a": 1,
              "k": [
                {
                  "i": {
                    "x": [
                      0.667,
                      0.667,
                      0.667
                    ],
                    "y": [
                      1,
                      1,
                      1
                    ]
                  },
                  "o": {
                    "x": [
                      0.333,
                      0.333,
                      0.333
                    ],
                    "y": [
                      0,
                      0,
                      0
                    ]
                  },
                  "t": 8,
                  "s": [
                    57,
                    57,
                    100
                  ],
                  "e": [
                    100,
                    100,
                    100
                  ]
                },
                {
                  "i": {
                    "x": [
                      0.667,
                      0.667,
                      0.667
                    ],
                    "y": [
                      1,
                      1,
                      1
                    ]
                  },
                  "o": {
                    "x": [
                      0.333,
                      0.333,
                      0.333
                    ],
                    "y": [
                      0,
                      0,
                      0
                    ]
                  },
                  "t": 13,
                  "s": [
                    100,
                    100,
                    100
                  ],
                  "e": [
                    85,
                    85,
                    100
                  ]
                },
                {
                  "i": {
                    "x": [
                      0.667,
                      0.667,
                      0.667
                    ],
                    "y": [
                      1,
                      1,
                      1
                    ]
                  },
                  "o": {
                    "x": [
                      0.333,
                      0.333,
                      0.333
                    ],
                    "y": [
                      0,
                      0,
                      0
                    ]
                  },
                  "t": 18,
                  "s": [
                    85,
                    85,
                    100
                  ],
                  "e": [
                    98,
                    98,
                    100
                  ]
                },
                {
                  "t": 23
                }
              ],
              "ix": 6
            }
          },
          "bm": 0,
          "ao": 0,
          "shapes": [
            {
              "np": 3,
              "ty": "gr",
              "bm": 0,
              "it": [
                {
                  "d": 1,
                  "ty": "el",
                  "s": {
                    "a": 0,
                    "k": [
                      87.547,
                      87.547
                    ],
                    "ix": 2
                  },
                  "p": {
                    "a": 0,
                    "k": [
                      0,
                      0
                    ],
                    "ix": 3
                  },
                  "nm": "椭圆路径 1",
                  "hd": false
                },
                {
                  "c": {
                    "a": 0,
                    "k": [
                      1,
                      1,
                      1,
                      1
                    ],
                    "ix": 3
                  },
                  "ty": "st",
                  "bm": 0,
                  "o": {
                    "a": 0,
                    "k": 100,
                    "ix": 4
                  },
                  "w": {
                    "a": 0,
                    "k": 15,
                    "ix": 5
                  },
                  "lc": 1,
                  "hd": false,
                  "lj": 1,
                  "ml": 4,
                  "nm": "描边 1"
                },
                {
                  "a": {
                    "a": 0,
                    "k": [
                      0,
                      0
                    ],
                    "ix": 1
                  },
                  "ty": "tr",
                  "sa": {
                    "a": 0,
                    "k": 0,
                    "ix": 5
                  },
                  "o": {
                    "a": 0,
                    "k": 100,
                    "ix": 7
                  },
                  "p": {
                    "a": 0,
                    "k": [
                      -0.227,
                      -8.227
                    ],
                    "ix": 2
                  },
                  "r": {
                    "a": 0,
                    "k": 0,
                    "ix": 6
                  },
                  "s": {
                    "a": 0,
                    "k": [
                      100,
                      100
                    ],
                    "ix": 3
                  },
                  "sk": {
                    "a": 0,
                    "k": 0,
                    "ix": 4
                  },
                  "nm": "变换"
                }
              ],
              "ix": 1,
              "cix": 2,
              "hd": false,
              "nm": "椭圆 1"
            }
          ],
          "nm": "形状图层 1",
          "sr": 1,
          "ind": 5
        },
        {
          "op": 87,
          "st": -29,
          "ddd": 0,
          "ty": 4,
          "ip": -29,
          "ks": {
            "o": {
              "a": 0,
              "k": 100,
              "ix": 11
            },
            "r": {
              "a": 0,
              "k": 0,
              "ix": 10
            },
            "p": {
              "a": 0,
              "k": [
                504,
                520,
                0
              ],
              "ix": 2
            },
            "a": {
              "a": 0,
              "k": [
                500,
                500,
                0
              ],
              "ix": 1
            },
            "s": {
              "a": 1,
              "k": [
                {
                  "i": {
                    "x": [
                      0.667,
                      0.667,
                      0.667
                    ],
                    "y": [
                      1,
                      1,
                      1
                    ]
                  },
                  "o": {
                    "x": [
                      0.333,
                      0.333,
                      0.333
                    ],
                    "y": [
                      0,
                      0,
                      0
                    ]
                  },
                  "t": 7,
                  "s": [
                    0,
                    0,
                    100
                  ],
                  "e": [
                    214,
                    214,
                    100
                  ]
                },
                {
                  "i": {
                    "x": [
                      0.667,
                      0.667,
                      0.667
                    ],
                    "y": [
                      1,
                      1,
                      1
                    ]
                  },
                  "o": {
                    "x": [
                      0.333,
                      0.333,
                      0.333
                    ],
                    "y": [
                      0,
                      0,
                      0
                    ]
                  },
                  "t": 12,
                  "s": [
                    214,
                    214,
                    100
                  ],
                  "e": [
                    156.63,
                    156.63,
                    100
                  ]
                },
                {
                  "i": {
                    "x": [
                      0.667,
                      0.667,
                      0.667
                    ],
                    "y": [
                      1,
                      1,
                      1
                    ]
                  },
                  "o": {
                    "x": [
                      0.333,
                      0.333,
                      0.333
                    ],
                    "y": [
                      0,
                      0,
                      0
                    ]
                  },
                  "t": 16,
                  "s": [
                    156.63,
                    156.63,
                    100
                  ],
                  "e": [
                    186.754,
                    186.754,
                    100
                  ]
                },
                {
                  "i": {
                    "x": [
                      0.667,
                      0.667,
                      0.667
                    ],
                    "y": [
                      1,
                      1,
                      1
                    ]
                  },
                  "o": {
                    "x": [
                      0.333,
                      0.333,
                      0.333
                    ],
                    "y": [
                      0,
                      0,
                      0
                    ]
                  },
                  "t": 21,
                  "s": [
                    186.754,
                    186.754,
                    100
                  ],
                  "e": [
                    166.128,
                    166.128,
                    100
                  ]
                },
                {
                  "i": {
                    "x": [
                      0.667,
                      0.667,
                      0.667
                    ],
                    "y": [
                      1,
                      1,
                      1
                    ]
                  },
                  "o": {
                    "x": [
                      0.333,
                      0.333,
                      0.333
                    ],
                    "y": [
                      0,
                      0,
                      0
                    ]
                  },
                  "t": 24,
                  "s": [
                    166.128,
                    166.128,
                    100
                  ],
                  "e": [
                    173,
                    173,
                    100
                  ]
                },
                {
                  "i": {
                    "x": [
                      0.833,
                      0.833,
                      0.833
                    ],
                    "y": [
                      1,
                      1,
                      1
                    ]
                  },
                  "o": {
                    "x": [
                      0.167,
                      0.167,
                      0.167
                    ],
                    "y": [
                      0,
                      0,
                      0
                    ]
                  },
                  "t": 29,
                  "s": [
                    173,
                    173,
                    100
                  ],
                  "e": [
                    171,
                    171,
                    100
                  ]
                },
                {
                  "t": 32
                }
              ],
              "ix": 6
            }
          },
          "bm": 0,
          "ao": 0,
          "shapes": [
            {
              "np": 2,
              "ty": "gr",
              "bm": 0,
              "it": [
                {
                  "ind": 0,
                  "ty": "sh",
                  "ix": 1,
                  "ks": {
                    "a": 0,
                    "k": {
                      "i": [
                        [
                          8.982,
                          -13.065
                        ],
                        [
                          17.053,
                          0
                        ],
                        [
                          -0.111,
                          -31.889
                        ],
                        [
                          -12.471,
                          -10.518
                        ],
                        [
                          0,
                          0
                        ],
                        [
                          0,
                          0
                        ],
                        [
                          -0.075,
                          18.211
                        ],
                        [
                          29.992,
                          0
                        ]
                      ],
                      "o": [
                        [
                          -8.982,
                          -13.065
                        ],
                        [
                          -29.992,
                          0
                        ],
                        [
                          0.078,
                          18.211
                        ],
                        [
                          0,
                          0
                        ],
                        [
                          0,
                          0
                        ],
                        [
                          12.473,
                          -10.518
                        ],
                        [
                          0.113,
                          -31.889
                        ],
                        [
                          -17.051,
                          0
                        ]
                      ],
                      "v": [
                        [
                          0.242,
                          -60.995
                        ],
                        [
                          -41.929,
                          -82.42
                        ],
                        [
                          -96.156,
                          -24.651
                        ],
                        [
                          -75.622,
                          20.145
                        ],
                        [
                          0.242,
                          82.42
                        ],
                        [
                          75.783,
                          20.145
                        ],
                        [
                          96.155,
                          -24.651
                        ],
                        [
                          42.17,
                          -82.42
                        ]
                      ],
                      "c": true
                    },
                    "ix": 2
                  },
                  "nm": "路径 1",
                  "hd": false
                },
                {
                  "ty": "fl",
                  "c": {
                    "a": 0,
                    "k": [
                      1,
                      1,
                      1,
                      1
                    ],
                    "ix": 4
                  },
                  "o": {
                    "a": 0,
                    "k": 100,
                    "ix": 5
                  },
                  "r": 1,
                  "bm": 0,
                  "nm": "填充 1",
                  "hd": false
                },
                {
                  "a": {
                    "a": 0,
                    "k": [
                      0,
                      0
                    ],
                    "ix": 1
                  },
                  "ty": "tr",
                  "sa": {
                    "a": 0,
                    "k": 0,
                    "ix": 5
                  },
                  "o": {
                    "a": 0,
                    "k": 100,
                    "ix": 7
                  },
                  "p": {
                    "a": 0,
                    "k": [
                      499.892,
                      483.964
                    ],
                    "ix": 2
                  },
                  "r": {
                    "a": 0,
                    "k": 0,
                    "ix": 6
                  },
                  "s": {
                    "a": 0,
                    "k": [
                      100,
                      100
                    ],
                    "ix": 3
                  },
                  "sk": {
                    "a": 0,
                    "k": 0,
                    "ix": 4
                  },
                  "nm": "变换"
                }
              ],
              "ix": 1,
              "cix": 2,
              "hd": false,
              "nm": "组 1"
            }
          ],
          "nm": "“xin”轮廓 2",
          "sr": 1,
          "ind": 6
        },
        {
          "op": 12,
          "st": -29,
          "ddd": 0,
          "ty": 4,
          "ip": -29,
          "ks": {
            "o": {
              "a": 0,
              "k": 100,
              "ix": 11
            },
            "r": {
              "a": 0,
              "k": 0,
              "ix": 10
            },
            "p": {
              "a": 0,
              "k": [
                504,
                520,
                0
              ],
              "ix": 2
            },
            "a": {
              "a": 0,
              "k": [
                500,
                500,
                0
              ],
              "ix": 1
            },
            "s": {
              "a": 0,
              "k": [
                171,
                171,
                100
              ],
              "ix": 6
            }
          },
          "bm": 0,
          "ao": 0,
          "shapes": [
            {
              "np": 2,
              "ty": "gr",
              "bm": 0,
              "it": [
                {
                  "ind": 0,
                  "ty": "sh",
                  "ix": 1,
                  "ks": {
                    "a": 0,
                    "k": {
                      "i": [
                        [
                          8.982,
                          -13.065
                        ],
                        [
                          17.053,
                          0
                        ],
                        [
                          -0.111,
                          -31.889
                        ],
                        [
                          -12.471,
                          -10.518
                        ],
                        [
                          0,
                          0
                        ],
                        [
                          0,
                          0
                        ],
                        [
                          -0.075,
                          18.211
                        ],
                        [
                          29.992,
                          0
                        ]
                      ],
                      "o": [
                        [
                          -8.982,
                          -13.065
                        ],
                        [
                          -29.992,
                          0
                        ],
                        [
                          0.078,
                          18.211
                        ],
                        [
                          0,
                          0
                        ],
                        [
                          0,
                          0
                        ],
                        [
                          12.473,
                          -10.518
                        ],
                        [
                          0.113,
                          -31.889
                        ],
                        [
                          -17.051,
                          0
                        ]
                      ],
                      "v": [
                        [
                          0.242,
                          -60.995
                        ],
                        [
                          -41.929,
                          -82.42
                        ],
                        [
                          -96.156,
                          -24.651
                        ],
                        [
                          -75.622,
                          20.145
                        ],
                        [
                          0.242,
                          82.42
                        ],
                        [
                          75.783,
                          20.145
                        ],
                        [
                          96.155,
                          -24.651
                        ],
                        [
                          42.17,
                          -82.42
                        ]
                      ],
                      "c": true
                    },
                    "ix": 2
                  },
                  "nm": "路径 1",
                  "hd": false
                },
                {
                  "ty": "fl",
                  "c": {
                    "a": 0,
                    "k": [
                      0.8,
                      0.8,
                      0.8,
                      0.004
                    ],
                    "ix": 4
                  },
                  "o": {
                    "a": 0,
                    "k": 100,
                    "ix": 5
                  },
                  "r": 1,
                  "bm": 0,
                  "nm": "填充 1",
                  "hd": false
                },
                {
                  "a": {
                    "a": 0,
                    "k": [
                      0,
                      0
                    ],
                    "ix": 1
                  },
                  "ty": "tr",
                  "sa": {
                    "a": 0,
                    "k": 0,
                    "ix": 5
                  },
                  "o": {
                    "a": 0,
                    "k": 100,
                    "ix": 7
                  },
                  "p": {
                    "a": 0,
                    "k": [
                      499.892,
                      483.964
                    ],
                    "ix": 2
                  },
                  "r": {
                    "a": 0,
                    "k": 0,
                    "ix": 6
                  },
                  "s": {
                    "a": 0,
                    "k": [
                      100,
                      100
                    ],
                    "ix": 3
                  },
                  "sk": {
                    "a": 0,
                    "k": 0,
                    "ix": 4
                  },
                  "nm": "变换"
                }
              ],
              "ix": 1,
              "cix": 2,
              "hd": false,
              "nm": "组 1"
            }
          ],
          "nm": "“xin”轮廓",
          "sr": 1,
          "ind": 7
        }
      ]
    }
  ],
  "fonts": {
    "list": []
  },
  "ddd": 0,
  "ip": 0,
  "h": 750,
  "fr": 25,
  "v": "5.5.5",
  "w": 750,
  "markers": [],
  "nm": "初始化空层",
  "tiny": "75"
}