{
  "v": "5.5.7",
  "meta": {
    "g": "LottieFiles AE 0.1.21",
    "a": "",
    "k": "",
    "d": "",
    "tc": ""
  },
  "fr": 60,
  "ip": 0,
  "op": 61,
  "w": 3000,
  "h": 3000,
  "nm": "Comp 1",
  "ddd": 0,
  "assets": [],
  "layers": [
    {
      "ddd": 0,
      "ind": 1,
      "ty": 4,
      "nm": "розовая херня.ai",
      "cl": "ai",
      "sr": 1,
      "ks": {
        "o": {
          "a": 0,
          "k": 100,
          "ix": 11
        },
        "r": {
          "a": 0,
          "k": 0,
          "ix": 10
        },
        "p": {
          "a": 1,
          "k": [
            {
              "i": {
                "x": 0.667,
                "y": 1
              },
              "o": {
                "x": 0.333,
                "y": 0
              },
              "t": -11,
              "s": [
                1042.691,
                1814.637,
                0
              ],
              "to": [
                13.333,
                0,
                0
              ],
              "ti": [
                -13.333,
                0,
                0
              ]
            },
            {
              "t": 19,
              "s": [
                1122.691,
                1814.637,
                0
              ]
            }
          ],
          "ix": 2,
          "x": "var $bm_rt;\n$bm_rt = loopOut('pingpong');"
        },
        "a": {
          "a": 0,
          "k": [
            62.477,
            53.2,
            0
          ],
          "ix": 1
        },
        "s": {
          "a": 0,
          "k": [
            1321,
            1321,
            100
          ],
          "ix": 6
        }
      },
      "ao": 0,
      "shapes": [
        {
          "ty": "gr",
          "it": [
            {
              "ind": 0,
              "ty": "sh",
              "ix": 1,
              "ks": {
                "a": 0,
                "k": {
                  "i": [
                    [
                      4.256,
                      0
                    ],
                    [
                      0,
                      -4.256
                    ],
                    [
                      -4.257,
                      0
                    ],
                    [
                      0,
                      4.264
                    ]
                  ],
                  "o": [
                    [
                      -4.257,
                      0
                    ],
                    [
                      0,
                      4.264
                    ],
                    [
                      4.256,
                      0
                    ],
                    [
                      0,
                      -4.256
                    ]
                  ],
                  "v": [
                    [
                      34.167,
                      -18.536
                    ],
                    [
                      26.466,
                      -10.819
                    ],
                    [
                      34.167,
                      -3.094
                    ],
                    [
                      41.859,
                      -10.819
                    ]
                  ],
                  "c": true
                },
                "ix": 2
              },
              "nm": "Path 1",
              "mn": "ADBE Vector Shape - Group",
              "hd": false
            },
            {
              "ind": 1,
              "ty": "sh",
              "ix": 2,
              "ks": {
                "a": 0,
                "k": {
                  "i": [
                    [
                      4.257,
                      0
                    ],
                    [
                      0,
                      -4.256
                    ],
                    [
                      -4.256,
                      0
                    ],
                    [
                      0,
                      4.264
                    ]
                  ],
                  "o": [
                    [
                      -4.256,
                      0
                    ],
                    [
                      0,
                      4.264
                    ],
                    [
                      4.257,
                      0
                    ],
                    [
                      0,
                      -4.256
                    ]
                  ],
                  "v": [
                    [
                      2.084,
                      -18.54
                    ],
                    [
                      -5.616,
                      -10.819
                    ],
                    [
                      2.084,
                      -3.094
                    ],
                    [
                      9.784,
                      -10.819
                    ]
                  ],
                  "c": true
                },
                "ix": 2
              },
              "nm": "Path 2",
              "mn": "ADBE Vector Shape - Group",
              "hd": false
            },
            {
              "ind": 2,
              "ty": "sh",
              "ix": 3,
              "ks": {
                "a": 0,
                "k": {
                  "i": [
                    [
                      4.257,
                      0
                    ],
                    [
                      0,
                      -4.256
                    ],
                    [
                      -4.248,
                      0
                    ],
                    [
                      0,
                      4.264
                    ]
                  ],
                  "o": [
                    [
                      -4.248,
                      0
                    ],
                    [
                      0,
                      4.264
                    ],
                    [
                      4.257,
                      0
                    ],
                    [
                      0,
                      -4.256
                    ]
                  ],
                  "v": [
                    [
                      -29.999,
                      -18.536
                    ],
                    [
                      -37.699,
                      -10.819
                    ],
                    [
                      -29.999,
                      -3.094
                    ],
                    [
                      -22.298,
                      -10.819
                    ]
                  ],
                  "c": true
                },
                "ix": 2
              },
              "nm": "Path 3",
              "mn": "ADBE Vector Shape - Group",
              "hd": false
            },
            {
              "ind": 3,
              "ty": "sh",
              "ix": 4,
              "ks": {
                "a": 1,
                "k": [
                  {
                    "i": {
                      "x": 0.667,
                      "y": 1
                    },
                    "o": {
                      "x": 0.333,
                      "y": 0
                    },
                    "t": -7,
                    "s": [
                      {
                        "i": [
                          [
                            0,
                            0
                          ],
                          [
                            0,
                            -15.046
                          ],
                          [
                            0,
                            0
                          ],
                          [
                            15.01,
                            0
                          ],
                          [
                            0,
                            0
                          ],
                          [
                            0,
                            0
                          ],
                          [
                            0,
                            0
                          ],
                          [
                            0,
                            0
                          ],
                          [
                            0,
                            10.39
                          ],
                          [
                            0,
                            0
                          ],
                          [
                            -15.01,
                            0
                          ]
                        ],
                        "o": [
                          [
                            15.01,
                            0
                          ],
                          [
                            0,
                            0
                          ],
                          [
                            0,
                            15.042
                          ],
                          [
                            0,
                            0
                          ],
                          [
                            0,
                            0
                          ],
                          [
                            0,
                            0
                          ],
                          [
                            0,
                            0
                          ],
                          [
                            -9.38,
                            -4.68
                          ],
                          [
                            0,
                            0
                          ],
                          [
                            0,
                            -15.046
                          ],
                          [
                            0,
                            0
                          ]
                        ],
                        "v": [
                          [
                            34.778,
                            -52.4
                          ],
                          [
                            62,
                            -25.116
                          ],
                          [
                            62,
                            3.483
                          ],
                          [
                            34.778,
                            30.766
                          ],
                          [
                            -15.275,
                            30.766
                          ],
                          [
                            -47.791,
                            52.4
                          ],
                          [
                            -43.886,
                            29.362
                          ],
                          [
                            -46.792,
                            27.911
                          ],
                          [
                            -62,
                            3.483
                          ],
                          [
                            -62,
                            -25.116
                          ],
                          [
                            -34.781,
                            -52.4
                          ]
                        ],
                        "c": true
                      }
                    ]
                  },
                  {
                    "i": {
                      "x": 0.667,
                      "y": 1
                    },
                    "o": {
                      "x": 0.333,
                      "y": 0
                    },
                    "t": 8,
                    "s": [
                      {
                        "i": [
                          [
                            0,
                            0
                          ],
                          [
                            0,
                            -15.046
                          ],
                          [
                            0,
                            0
                          ],
                          [
                            15.01,
                            0
                          ],
                          [
                            0,
                            0
                          ],
                          [
                            0,
                            0
                          ],
                          [
                            0,
                            0
                          ],
                          [
                            0,
                            0
                          ],
                          [
                            0,
                            10.39
                          ],
                          [
                            0,
                            0
                          ],
                          [
                            -15.01,
                            0
                          ]
                        ],
                        "o": [
                          [
                            15.01,
                            0
                          ],
                          [
                            0,
                            0
                          ],
                          [
                            0,
                            15.042
                          ],
                          [
                            0,
                            0
                          ],
                          [
                            0,
                            0
                          ],
                          [
                            0,
                            0
                          ],
                          [
                            0,
                            0
                          ],
                          [
                            -9.38,
                            -4.68
                          ],
                          [
                            0,
                            0
                          ],
                          [
                            0,
                            -15.046
                          ],
                          [
                            0,
                            0
                          ]
                        ],
                        "v": [
                          [
                            37.2,
                            -52.516
                          ],
                          [
                            64.422,
                            -25.232
                          ],
                          [
                            64.422,
                            3.367
                          ],
                          [
                            37.2,
                            30.65
                          ],
                          [
                            -15.275,
                            30.766
                          ],
                          [
                            -47.791,
                            52.4
                          ],
                          [
                            -43.886,
                            29.362
                          ],
                          [
                            -46.792,
                            27.911
                          ],
                          [
                            -62,
                            3.483
                          ],
                          [
                            -62,
                            -25.116
                          ],
                          [
                            -34.781,
                            -52.4
                          ]
                        ],
                        "c": true
                      }
                    ]
                  },
                  {
                    "i": {
                      "x": 0.667,
                      "y": 1
                    },
                    "o": {
                      "x": 0.333,
                      "y": 0
                    },
                    "t": 23,
                    "s": [
                      {
                        "i": [
                          [
                            0,
                            0
                          ],
                          [
                            0,
                            -15.046
                          ],
                          [
                            0,
                            0
                          ],
                          [
                            15.01,
                            0
                          ],
                          [
                            0,
                            0
                          ],
                          [
                            0,
                            0
                          ],
                          [
                            0,
                            0
                          ],
                          [
                            0,
                            0
                          ],
                          [
                            0,
                            10.39
                          ],
                          [
                            0,
                            0
                          ],
                          [
                            -15.01,
                            0
                          ]
                        ],
                        "o": [
                          [
                            15.01,
                            0
                          ],
                          [
                            0,
                            0
                          ],
                          [
                            0,
                            15.042
                          ],
                          [
                            0,
                            0
                          ],
                          [
                            0,
                            0
                          ],
                          [
                            0,
                            0
                          ],
                          [
                            0,
                            0
                          ],
                          [
                            -9.38,
                            -4.68
                          ],
                          [
                            0,
                            0
                          ],
                          [
                            0,
                            -15.046
                          ],
                          [
                            0,
                            0
                          ]
                        ],
                        "v": [
                          [
                            34.778,
                            -52.4
                          ],
                          [
                            62,
                            -25.116
                          ],
                          [
                            62,
                            3.483
                          ],
                          [
                            34.778,
                            30.766
                          ],
                          [
                            -15.275,
                            30.766
                          ],
                          [
                            -47.791,
                            52.4
                          ],
                          [
                            -43.886,
                            29.362
                          ],
                          [
                            -46.792,
                            27.911
                          ],
                          [
                            -62,
                            3.483
                          ],
                          [
                            -62,
                            -25.116
                          ],
                          [
                            -34.781,
                            -52.4
                          ]
                        ],
                        "c": true
                      }
                    ]
                  },
                  {
                    "i": {
                      "x": 0.667,
                      "y": 1
                    },
                    "o": {
                      "x": 0.333,
                      "y": 0
                    },
                    "t": 38,
                    "s": [
                      {
                        "i": [
                          [
                            0,
                            0
                          ],
                          [
                            0,
                            -15.046
                          ],
                          [
                            0,
                            0
                          ],
                          [
                            15.01,
                            0
                          ],
                          [
                            0,
                            0
                          ],
                          [
                            0,
                            0
                          ],
                          [
                            0,
                            0
                          ],
                          [
                            0,
                            0
                          ],
                          [
                            0,
                            10.39
                          ],
                          [
                            0,
                            0
                          ],
                          [
                            -15.01,
                            0
                          ]
                        ],
                        "o": [
                          [
                            15.01,
                            0
                          ],
                          [
                            0,
                            0
                          ],
                          [
                            0,
                            15.042
                          ],
                          [
                            0,
                            0
                          ],
                          [
                            0,
                            0
                          ],
                          [
                            0,
                            0
                          ],
                          [
                            0,
                            0
                          ],
                          [
                            -9.38,
                            -4.68
                          ],
                          [
                            0,
                            0
                          ],
                          [
                            0,
                            -15.046
                          ],
                          [
                            0,
                            0
                          ]
                        ],
                        "v": [
                          [
                            34.778,
                            -52.4
                          ],
                          [
                            62,
                            -25.116
                          ],
                          [
                            62,
                            3.483
                          ],
                          [
                            34.778,
                            30.766
                          ],
                          [
                            -17.395,
                            30.768
                          ],
                          [
                            -49.911,
                            52.402
                          ],
                          [
                            -46.006,
                            29.364
                          ],
                          [
                            -48.912,
                            27.913
                          ],
                          [
                            -64.12,
                            3.485
                          ],
                          [
                            -64.12,
                            -25.114
                          ],
                          [
                            -36.901,
                            -52.398
                          ]
                        ],
                        "c": true
                      }
                    ]
                  },
                  {
                    "i": {
                      "x": 0.667,
                      "y": 1
                    },
                    "o": {
                      "x": 0.167,
                      "y": 0
                    },
                    "t": 53,
                    "s": [
                      {
                        "i": [
                          [
                            0,
                            0
                          ],
                          [
                            0,
                            -15.046
                          ],
                          [
                            0,
                            0
                          ],
                          [
                            15.01,
                            0
                          ],
                          [
                            0,
                            0
                          ],
                          [
                            0,
                            0
                          ],
                          [
                            0,
                            0
                          ],
                          [
                            0,
                            0
                          ],
                          [
                            0,
                            10.39
                          ],
                          [
                            0,
                            0
                          ],
                          [
                            -15.01,
                            0
                          ]
                        ],
                        "o": [
                          [
                            15.01,
                            0
                          ],
                          [
                            0,
                            0
                          ],
                          [
                            0,
                            15.042
                          ],
                          [
                            0,
                            0
                          ],
                          [
                            0,
                            0
                          ],
                          [
                            0,
                            0
                          ],
                          [
                            0,
                            0
                          ],
                          [
                            -9.38,
                            -4.68
                          ],
                          [
                            0,
                            0
                          ],
                          [
                            0,
                            -15.046
                          ],
                          [
                            0,
                            0
                          ]
                        ],
                        "v": [
                          [
                            34.778,
                            -52.4
                          ],
                          [
                            62,
                            -25.116
                          ],
                          [
                            62,
                            3.483
                          ],
                          [
                            34.778,
                            30.766
                          ],
                          [
                            -15.275,
                            30.766
                          ],
                          [
                            -47.791,
                            52.4
                          ],
                          [
                            -43.886,
                            29.362
                          ],
                          [
                            -46.792,
                            27.911
                          ],
                          [
                            -62,
                            3.483
                          ],
                          [
                            -62,
                            -25.116
                          ],
                          [
                            -34.781,
                            -52.4
                          ]
                        ],
                        "c": true
                      }
                    ]
                  },
                  {
                    "t": 68,
                    "s": [
                      {
                        "i": [
                          [
                            0,
                            0
                          ],
                          [
                            0,
                            -15.046
                          ],
                          [
                            0,
                            0
                          ],
                          [
                            15.01,
                            0
                          ],
                          [
                            0,
                            0
                          ],
                          [
                            0,
                            0
                          ],
                          [
                            0,
                            0
                          ],
                          [
                            0,
                            0
                          ],
                          [
                            0,
                            10.39
                          ],
                          [
                            0,
                            0
                          ],
                          [
                            -15.01,
                            0
                          ]
                        ],
                        "o": [
                          [
                            15.01,
                            0
                          ],
                          [
                            0,
                            0
                          ],
                          [
                            0,
                            15.042
                          ],
                          [
                            0,
                            0
                          ],
                          [
                            0,
                            0
                          ],
                          [
                            0,
                            0
                          ],
                          [
                            0,
                            0
                          ],
                          [
                            -9.38,
                            -4.68
                          ],
                          [
                            0,
                            0
                          ],
                          [
                            0,
                            -15.046
                          ],
                          [
                            0,
                            0
                          ]
                        ],
                        "v": [
                          [
                            37.2,
                            -52.516
                          ],
                          [
                            64.422,
                            -25.232
                          ],
                          [
                            64.422,
                            3.367
                          ],
                          [
                            37.2,
                            30.65
                          ],
                          [
                            -15.275,
                            30.766
                          ],
                          [
                            -47.791,
                            52.4
                          ],
                          [
                            -43.886,
                            29.362
                          ],
                          [
                            -46.792,
                            27.911
                          ],
                          [
                            -62,
                            3.483
                          ],
                          [
                            -62,
                            -25.116
                          ],
                          [
                            -34.781,
                            -52.4
                          ]
                        ],
                        "c": true
                      }
                    ]
                  }
                ],
                "ix": 2
              },
              "nm": "Path 4",
              "mn": "ADBE Vector Shape - Group",
              "hd": false
            },
            {
              "ty": "mm",
              "mm": 1,
              "nm": "Merge Paths 1",
              "mn": "ADBE Vector Filter - Merge",
              "hd": false
            },
            {
              "ty": "fl",
              "c": {
                "a": 0,
                "k": [
                  1,
                  0.416000007181,
                  0.830999995213,
                  1
                ],
                "ix": 4
              },
              "o": {
                "a": 0,
                "k": 100,
                "ix": 5
              },
              "r": 1,
              "bm": 0,
              "nm": "Fill 1",
              "mn": "ADBE Vector Graphic - Fill",
              "hd": false
            },
            {
              "ty": "tr",
              "p": {
                "a": 0,
                "k": [
                  62.477,
                  53.2
                ],
                "ix": 2
              },
              "a": {
                "a": 0,
                "k": [
                  0,
                  0
                ],
                "ix": 1
              },
              "s": {
                "a": 0,
                "k": [
                  100,
                  100
                ],
                "ix": 3
              },
              "r": {
                "a": 0,
                "k": 0,
                "ix": 6
              },
              "o": {
                "a": 0,
                "k": 100,
                "ix": 7
              },
              "sk": {
                "a": 0,
                "k": 0,
                "ix": 4
              },
              "sa": {
                "a": 0,
                "k": 0,
                "ix": 5
              },
              "nm": "Transform"
            }
          ],
          "nm": "Group 1",
          "np": 6,
          "cix": 2,
          "bm": 0,
          "ix": 1,
          "mn": "ADBE Vector Group",
          "hd": false
        }
      ],
      "ip": -11,
      "op": 1789,
      "st": -11,
      "bm": 0
    },
    {
      "ddd": 0,
      "ind": 2,
      "ty": 4,
      "nm": "розования тень.ai",
      "cl": "ai",
      "sr": 1,
      "ks": {
        "o": {
          "a": 0,
          "k": 100,
          "ix": 11
        },
        "r": {
          "a": 0,
          "k": 0,
          "ix": 10
        },
        "p": {
          "a": 1,
          "k": [
            {
              "i": {
                "x": 0.667,
                "y": 1
              },
              "o": {
                "x": 0.333,
                "y": 0
              },
              "t": 0,
              "s": [
                1007.5,
                1864.255,
                0
              ],
              "to": [
                13.333,
                0,
                0
              ],
              "ti": [
                -13.333,
                0,
                0
              ]
            },
            {
              "t": 30,
              "s": [
                1087.5,
                1864.255,
                0
              ]
            }
          ],
          "ix": 2,
          "x": "var $bm_rt;\n$bm_rt = loopOut('pingpong');"
        },
        "a": {
          "a": 0,
          "k": [
            62,
            53,
            0
          ],
          "ix": 1
        },
        "s": {
          "a": 0,
          "k": [
            1321,
            1321,
            100
          ],
          "ix": 6
        }
      },
      "ao": 0,
      "shapes": [
        {
          "ty": "gr",
          "it": [
            {
              "ind": 0,
              "ty": "sh",
              "ix": 1,
              "ks": {
                "a": 0,
                "k": {
                  "i": [
                    [
                      4.257,
                      0
                    ],
                    [
                      0,
                      -4.256
                    ],
                    [
                      -4.256,
                      0
                    ],
                    [
                      0,
                      4.264
                    ]
                  ],
                  "o": [
                    [
                      -4.256,
                      0
                    ],
                    [
                      0,
                      4.264
                    ],
                    [
                      4.257,
                      0
                    ],
                    [
                      0,
                      -4.256
                    ]
                  ],
                  "v": [
                    [
                      34.166,
                      -18.536
                    ],
                    [
                      26.466,
                      -10.82
                    ],
                    [
                      34.166,
                      -3.094
                    ],
                    [
                      41.859,
                      -10.82
                    ]
                  ],
                  "c": true
                },
                "ix": 2
              },
              "nm": "Path 1",
              "mn": "ADBE Vector Shape - Group",
              "hd": false
            },
            {
              "ind": 1,
              "ty": "sh",
              "ix": 2,
              "ks": {
                "a": 0,
                "k": {
                  "i": [
                    [
                      4.256,
                      0
                    ],
                    [
                      0,
                      -4.256
                    ],
                    [
                      -4.257,
                      0
                    ],
                    [
                      0,
                      4.264
                    ]
                  ],
                  "o": [
                    [
                      -4.257,
                      0
                    ],
                    [
                      0,
                      4.264
                    ],
                    [
                      4.256,
                      0
                    ],
                    [
                      0,
                      -4.256
                    ]
                  ],
                  "v": [
                    [
                      2.084,
                      -18.54
                    ],
                    [
                      -5.617,
                      -10.82
                    ],
                    [
                      2.084,
                      -3.094
                    ],
                    [
                      9.784,
                      -10.82
                    ]
                  ],
                  "c": true
                },
                "ix": 2
              },
              "nm": "Path 2",
              "mn": "ADBE Vector Shape - Group",
              "hd": false
            },
            {
              "ind": 2,
              "ty": "sh",
              "ix": 3,
              "ks": {
                "a": 0,
                "k": {
                  "i": [
                    [
                      4.257,
                      0
                    ],
                    [
                      0,
                      -4.256
                    ],
                    [
                      -4.249,
                      0
                    ],
                    [
                      0,
                      4.264
                    ]
                  ],
                  "o": [
                    [
                      -4.249,
                      0
                    ],
                    [
                      0,
                      4.264
                    ],
                    [
                      4.257,
                      0
                    ],
                    [
                      0,
                      -4.256
                    ]
                  ],
                  "v": [
                    [
                      -29.999,
                      -18.536
                    ],
                    [
                      -37.699,
                      -10.82
                    ],
                    [
                      -29.999,
                      -3.094
                    ],
                    [
                      -22.298,
                      -10.82
                    ]
                  ],
                  "c": true
                },
                "ix": 2
              },
              "nm": "Path 3",
              "mn": "ADBE Vector Shape - Group",
              "hd": false
            },
            {
              "ind": 3,
              "ty": "sh",
              "ix": 4,
              "ks": {
                "a": 0,
                "k": {
                  "i": [
                    [
                      0,
                      0
                    ],
                    [
                      0,
                      -15.045
                    ],
                    [
                      0,
                      0
                    ],
                    [
                      15.011,
                      0
                    ],
                    [
                      0,
                      0
                    ],
                    [
                      0,
                      0
                    ],
                    [
                      0,
                      0
                    ],
                    [
                      0,
                      0
                    ],
                    [
                      0,
                      10.39
                    ],
                    [
                      0,
                      0
                    ],
                    [
                      -15.01,
                      0
                    ]
                  ],
                  "o": [
                    [
                      15.011,
                      0
                    ],
                    [
                      0,
                      0
                    ],
                    [
                      0,
                      15.042
                    ],
                    [
                      0,
                      0
                    ],
                    [
                      0,
                      0
                    ],
                    [
                      0,
                      0
                    ],
                    [
                      0,
                      0
                    ],
                    [
                      -9.38,
                      -4.679
                    ],
                    [
                      0,
                      0
                    ],
                    [
                      0,
                      -15.045
                    ],
                    [
                      0,
                      0
                    ]
                  ],
                  "v": [
                    [
                      34.777,
                      -52.4
                    ],
                    [
                      62,
                      -25.117
                    ],
                    [
                      62,
                      3.482
                    ],
                    [
                      34.777,
                      30.766
                    ],
                    [
                      -15.275,
                      30.766
                    ],
                    [
                      -47.791,
                      52.4
                    ],
                    [
                      -43.887,
                      29.361
                    ],
                    [
                      -46.792,
                      27.91
                    ],
                    [
                      -62,
                      3.482
                    ],
                    [
                      -62,
                      -25.117
                    ],
                    [
                      -34.782,
                      -52.4
                    ]
                  ],
                  "c": true
                },
                "ix": 2
              },
              "nm": "Path 4",
              "mn": "ADBE Vector Shape - Group",
              "hd": false
            },
            {
              "ty": "mm",
              "mm": 1,
              "nm": "Merge Paths 1",
              "mn": "ADBE Vector Filter - Merge",
              "hd": false
            },
            {
              "ty": "fl",
              "c": {
                "a": 0,
                "k": [
                  1,
                  0.913999968884,
                  0.976000019148,
                  1
                ],
                "ix": 4
              },
              "o": {
                "a": 0,
                "k": 100,
                "ix": 5
              },
              "r": 1,
              "bm": 0,
              "nm": "Fill 1",
              "mn": "ADBE Vector Graphic - Fill",
              "hd": false
            },
            {
              "ty": "tr",
              "p": {
                "a": 0,
                "k": [
                  62,
                  53
                ],
                "ix": 2
              },
              "a": {
                "a": 0,
                "k": [
                  0,
                  0
                ],
                "ix": 1
              },
              "s": {
                "a": 0,
                "k": [
                  100,
                  100
                ],
                "ix": 3
              },
              "r": {
                "a": 0,
                "k": 0,
                "ix": 6
              },
              "o": {
                "a": 0,
                "k": 100,
                "ix": 7
              },
              "sk": {
                "a": 0,
                "k": 0,
                "ix": 4
              },
              "sa": {
                "a": 0,
                "k": 0,
                "ix": 5
              },
              "nm": "Transform"
            }
          ],
          "nm": "Group 1",
          "np": 6,
          "cix": 2,
          "bm": 0,
          "ix": 1,
          "mn": "ADBE Vector Group",
          "hd": false
        }
      ],
      "ip": 0,
      "op": 1800,
      "st": 0,
      "bm": 0
    },
    {
      "ddd": 0,
      "ind": 3,
      "ty": 4,
      "nm": "синяя точка 1.ai",
      "cl": "ai",
      "sr": 1,
      "ks": {
        "o": {
          "a": 0,
          "k": 100,
          "ix": 11,
          "x": "var $bm_rt;\nvar amp, freq, decay, n, n, t, t, v;\ntry {\n    amp = $bm_div(effect('Elastic Controller')(1), 200);\n    freq = $bm_div(effect('Elastic Controller')(2), 30);\n    decay = $bm_div(effect('Elastic Controller')(3), 10);\n    $bm_rt = n = 0;\n    if (numKeys > 0) {\n        $bm_rt = n = nearestKey(time).index;\n        if (key(n).time > time) {\n            n--;\n        }\n    }\n    if (n == 0) {\n        $bm_rt = t = 0;\n    } else {\n        $bm_rt = t = $bm_sub(time, key(n).time);\n    }\n    if (n > 0) {\n        v = velocityAtTime($bm_sub(key(n).time, $bm_div(thisComp.frameDuration, 10)));\n        $bm_rt = $bm_sum(value, $bm_div($bm_mul($bm_mul(v, amp), Math.sin($bm_mul($bm_mul($bm_mul(freq, t), 2), Math.PI))), Math.exp($bm_mul(decay, t))));\n    } else {\n        $bm_rt = value;\n    }\n} catch (e$$4) {\n    $bm_rt = value = value;\n}"
        },
        "r": {
          "a": 0,
          "k": 0,
          "ix": 10,
          "x": "var $bm_rt;\nvar amp, freq, decay, n, n, t, t, v;\ntry {\n    amp = $bm_div(effect('Elastic Controller')(1), 200);\n    freq = $bm_div(effect('Elastic Controller')(2), 30);\n    decay = $bm_div(effect('Elastic Controller')(3), 10);\n    $bm_rt = n = 0;\n    if (numKeys > 0) {\n        $bm_rt = n = nearestKey(time).index;\n        if (key(n).time > time) {\n            n--;\n        }\n    }\n    if (n == 0) {\n        $bm_rt = t = 0;\n    } else {\n        $bm_rt = t = $bm_sub(time, key(n).time);\n    }\n    if (n > 0) {\n        v = velocityAtTime($bm_sub(key(n).time, $bm_div(thisComp.frameDuration, 10)));\n        $bm_rt = $bm_sum(value, $bm_div($bm_mul($bm_mul(v, amp), Math.sin($bm_mul($bm_mul($bm_mul(freq, t), 2), Math.PI))), Math.exp($bm_mul(decay, t))));\n    } else {\n        $bm_rt = value;\n    }\n} catch (e$$4) {\n    $bm_rt = value = value;\n}"
        },
        "p": {
          "a": 1,
          "k": [
            {
              "i": {
                "x": 0.667,
                "y": 1
              },
              "o": {
                "x": 0.333,
                "y": 0
              },
              "t": -16,
              "s": [
                2263.555,
                1325.351,
                0
              ],
              "to": [
                0,
                13.333,
                0
              ],
              "ti": [
                0,
                -13.333,
                0
              ]
            },
            {
              "t": 14,
              "s": [
                2263.555,
                1405.351,
                0
              ]
            }
          ],
          "ix": 2,
          "x": "var $bm_rt;\n$bm_rt = loopOut('pingpong');"
        },
        "a": {
          "a": 0,
          "k": [
            7.277,
            7.2,
            0
          ],
          "ix": 1,
          "x": "var $bm_rt;\nvar amp, freq, decay, n, n, t, t, v;\ntry {\n    amp = $bm_div(effect('Elastic Controller')(1), 200);\n    freq = $bm_div(effect('Elastic Controller')(2), 30);\n    decay = $bm_div(effect('Elastic Controller')(3), 10);\n    $bm_rt = n = 0;\n    if (numKeys > 0) {\n        $bm_rt = n = nearestKey(time).index;\n        if (key(n).time > time) {\n            n--;\n        }\n    }\n    if (n == 0) {\n        $bm_rt = t = 0;\n    } else {\n        $bm_rt = t = $bm_sub(time, key(n).time);\n    }\n    if (n > 0) {\n        v = velocityAtTime($bm_sub(key(n).time, $bm_div(thisComp.frameDuration, 10)));\n        $bm_rt = $bm_sum(value, $bm_div($bm_mul($bm_mul(v, amp), Math.sin($bm_mul($bm_mul($bm_mul(freq, t), 2), Math.PI))), Math.exp($bm_mul(decay, t))));\n    } else {\n        $bm_rt = value;\n    }\n} catch (e$$4) {\n    $bm_rt = value = value;\n}"
        },
        "s": {
          "a": 0,
          "k": [
            1321,
            1321,
            100
          ],
          "ix": 6,
          "x": "var $bm_rt;\nvar amp, freq, decay, n, n, t, t, v;\ntry {\n    amp = $bm_div(effect('Elastic Controller')(1), 200);\n    freq = $bm_div(effect('Elastic Controller')(2), 30);\n    decay = $bm_div(effect('Elastic Controller')(3), 10);\n    $bm_rt = n = 0;\n    if (numKeys > 0) {\n        $bm_rt = n = nearestKey(time).index;\n        if (key(n).time > time) {\n            n--;\n        }\n    }\n    if (n == 0) {\n        $bm_rt = t = 0;\n    } else {\n        $bm_rt = t = $bm_sub(time, key(n).time);\n    }\n    if (n > 0) {\n        v = velocityAtTime($bm_sub(key(n).time, $bm_div(thisComp.frameDuration, 10)));\n        $bm_rt = $bm_sum(value, $bm_div($bm_mul($bm_mul(v, amp), Math.sin($bm_mul($bm_mul($bm_mul(freq, t), 2), Math.PI))), Math.exp($bm_mul(decay, t))));\n    } else {\n        $bm_rt = value;\n    }\n} catch (e$$4) {\n    $bm_rt = value = value;\n}"
        }
      },
      "ao": 0,
      "ef": [
        {
          "ty": 5,
          "nm": "Elastic Controller",
          "np": 5,
          "mn": "Pseudo/MDS Elastic Controller",
          "ix": 1,
          "en": 1,
          "ef": [
            {
              "ty": 0,
              "nm": "Amplitude",
              "mn": "Pseudo/MDS Elastic Controller-0001",
              "ix": 1,
              "v": {
                "a": 0,
                "k": 30,
                "ix": 1
              }
            },
            {
              "ty": 0,
              "nm": "Frequency",
              "mn": "Pseudo/MDS Elastic Controller-0002",
              "ix": 2,
              "v": {
                "a": 0,
                "k": 40,
                "ix": 2
              }
            },
            {
              "ty": 0,
              "nm": "Decay",
              "mn": "Pseudo/MDS Elastic Controller-0003",
              "ix": 3,
              "v": {
                "a": 0,
                "k": 60,
                "ix": 3
              }
            }
          ]
        }
      ],
      "shapes": [
        {
          "ty": "gr",
          "it": [
            {
              "ind": 0,
              "ty": "sh",
              "ix": 1,
              "ks": {
                "a": 0,
                "k": {
                  "i": [
                    [
                      0,
                      3.762
                    ],
                    [
                      3.759,
                      0
                    ],
                    [
                      0,
                      -3.754
                    ],
                    [
                      -3.749,
                      0
                    ]
                  ],
                  "o": [
                    [
                      0,
                      -3.754
                    ],
                    [
                      -3.749,
                      0
                    ],
                    [
                      0,
                      3.762
                    ],
                    [
                      3.759,
                      0
                    ]
                  ],
                  "v": [
                    [
                      6.8,
                      -0.002
                    ],
                    [
                      -0.002,
                      -6.8
                    ],
                    [
                      -6.8,
                      -0.002
                    ],
                    [
                      -0.002,
                      6.8
                    ]
                  ],
                  "c": true
                },
                "ix": 2
              },
              "nm": "Path 1",
              "mn": "ADBE Vector Shape - Group",
              "hd": false
            },
            {
              "ty": "fl",
              "c": {
                "a": 0,
                "k": [
                  0.521568655968,
                  0.082352943718,
                  1,
                  1
                ],
                "ix": 4
              },
              "o": {
                "a": 0,
                "k": 100,
                "ix": 5
              },
              "r": 1,
              "bm": 0,
              "nm": "Fill 1",
              "mn": "ADBE Vector Graphic - Fill",
              "hd": false
            },
            {
              "ty": "tr",
              "p": {
                "a": 0,
                "k": [
                  7.277,
                  7.2
                ],
                "ix": 2
              },
              "a": {
                "a": 0,
                "k": [
                  0,
                  0
                ],
                "ix": 1
              },
              "s": {
                "a": 0,
                "k": [
                  100,
                  100
                ],
                "ix": 3
              },
              "r": {
                "a": 0,
                "k": 0,
                "ix": 6
              },
              "o": {
                "a": 0,
                "k": 100,
                "ix": 7
              },
              "sk": {
                "a": 0,
                "k": 0,
                "ix": 4
              },
              "sa": {
                "a": 0,
                "k": 0,
                "ix": 5
              },
              "nm": "Transform"
            }
          ],
          "nm": "Group 1",
          "np": 4,
          "cix": 2,
          "bm": 0,
          "ix": 1,
          "mn": "ADBE Vector Group",
          "hd": false
        }
      ],
      "ip": -16,
      "op": 1784,
      "st": -16,
      "bm": 0
    },
    {
      "ddd": 0,
      "ind": 4,
      "ty": 4,
      "nm": "синяя точка 2.ai",
      "cl": "ai",
      "sr": 1,
      "ks": {
        "o": {
          "a": 0,
          "k": 100,
          "ix": 11
        },
        "r": {
          "a": 0,
          "k": 0,
          "ix": 10
        },
        "p": {
          "a": 1,
          "k": [
            {
              "i": {
                "x": 0.667,
                "y": 1
              },
              "o": {
                "x": 0.333,
                "y": 0
              },
              "t": 0,
              "s": [
                1856.57,
                1334.643,
                0
              ],
              "to": [
                0,
                13.333,
                0
              ],
              "ti": [
                0,
                -13.333,
                0
              ]
            },
            {
              "t": 30,
              "s": [
                1856.57,
                1414.643,
                0
              ]
            }
          ],
          "ix": 2,
          "x": "var $bm_rt;\n$bm_rt = loopOut('pingpong');"
        },
        "a": {
          "a": 0,
          "k": [
            7.6,
            7.2,
            0
          ],
          "ix": 1,
          "x": "var $bm_rt;\nvar amp, freq, decay, n, n, t, t, v;\ntry {\n    amp = $bm_div(effect('Elastic Controller')(1), 200);\n    freq = $bm_div(effect('Elastic Controller')(2), 30);\n    decay = $bm_div(effect('Elastic Controller')(3), 10);\n    $bm_rt = n = 0;\n    if (numKeys > 0) {\n        $bm_rt = n = nearestKey(time).index;\n        if (key(n).time > time) {\n            n--;\n        }\n    }\n    if (n == 0) {\n        $bm_rt = t = 0;\n    } else {\n        $bm_rt = t = $bm_sub(time, key(n).time);\n    }\n    if (n > 0) {\n        v = velocityAtTime($bm_sub(key(n).time, $bm_div(thisComp.frameDuration, 10)));\n        $bm_rt = $bm_sum(value, $bm_div($bm_mul($bm_mul(v, amp), Math.sin($bm_mul($bm_mul($bm_mul(freq, t), 2), Math.PI))), Math.exp($bm_mul(decay, t))));\n    } else {\n        $bm_rt = value;\n    }\n} catch (e$$4) {\n    $bm_rt = value = value;\n}"
        },
        "s": {
          "a": 0,
          "k": [
            1321,
            1321,
            100
          ],
          "ix": 6,
          "x": "var $bm_rt;\nvar amp, freq, decay, n, n, t, t, v;\ntry {\n    amp = $bm_div(effect('Elastic Controller')(1), 200);\n    freq = $bm_div(effect('Elastic Controller')(2), 30);\n    decay = $bm_div(effect('Elastic Controller')(3), 10);\n    $bm_rt = n = 0;\n    if (numKeys > 0) {\n        $bm_rt = n = nearestKey(time).index;\n        if (key(n).time > time) {\n            n--;\n        }\n    }\n    if (n == 0) {\n        $bm_rt = t = 0;\n    } else {\n        $bm_rt = t = $bm_sub(time, key(n).time);\n    }\n    if (n > 0) {\n        v = velocityAtTime($bm_sub(key(n).time, $bm_div(thisComp.frameDuration, 10)));\n        $bm_rt = $bm_sum(value, $bm_div($bm_mul($bm_mul(v, amp), Math.sin($bm_mul($bm_mul($bm_mul(freq, t), 2), Math.PI))), Math.exp($bm_mul(decay, t))));\n    } else {\n        $bm_rt = value;\n    }\n} catch (e$$4) {\n    $bm_rt = value = value;\n}"
        }
      },
      "ao": 0,
      "ef": [
        {
          "ty": 5,
          "nm": "Elastic Controller",
          "np": 5,
          "mn": "Pseudo/MDS Elastic Controller",
          "ix": 1,
          "en": 1,
          "ef": [
            {
              "ty": 0,
              "nm": "Amplitude",
              "mn": "Pseudo/MDS Elastic Controller-0001",
              "ix": 1,
              "v": {
                "a": 0,
                "k": 30,
                "ix": 1
              }
            },
            {
              "ty": 0,
              "nm": "Frequency",
              "mn": "Pseudo/MDS Elastic Controller-0002",
              "ix": 2,
              "v": {
                "a": 0,
                "k": 40,
                "ix": 2
              }
            },
            {
              "ty": 0,
              "nm": "Decay",
              "mn": "Pseudo/MDS Elastic Controller-0003",
              "ix": 3,
              "v": {
                "a": 0,
                "k": 60,
                "ix": 3
              }
            }
          ]
        }
      ],
      "shapes": [
        {
          "ty": "gr",
          "it": [
            {
              "ind": 0,
              "ty": "sh",
              "ix": 1,
              "ks": {
                "a": 0,
                "k": {
                  "i": [
                    [
                      0,
                      3.762
                    ],
                    [
                      3.759,
                      0
                    ],
                    [
                      0,
                      -3.754
                    ],
                    [
                      -3.749,
                      0
                    ]
                  ],
                  "o": [
                    [
                      0,
                      -3.754
                    ],
                    [
                      -3.749,
                      0
                    ],
                    [
                      0,
                      3.762
                    ],
                    [
                      3.759,
                      0
                    ]
                  ],
                  "v": [
                    [
                      6.801,
                      -0.002
                    ],
                    [
                      -0.001,
                      -6.8
                    ],
                    [
                      -6.801,
                      -0.002
                    ],
                    [
                      -0.001,
                      6.8
                    ]
                  ],
                  "c": true
                },
                "ix": 2
              },
              "nm": "Path 1",
              "mn": "ADBE Vector Shape - Group",
              "hd": false
            },
            {
              "ty": "fl",
              "c": {
                "a": 0,
                "k": [
                  0.521568655968,
                  0.082352943718,
                  1,
                  1
                ],
                "ix": 4
              },
              "o": {
                "a": 0,
                "k": 100,
                "ix": 5
              },
              "r": 1,
              "bm": 0,
              "nm": "Fill 1",
              "mn": "ADBE Vector Graphic - Fill",
              "hd": false
            },
            {
              "ty": "tr",
              "p": {
                "a": 0,
                "k": [
                  7.6,
                  7.2
                ],
                "ix": 2
              },
              "a": {
                "a": 0,
                "k": [
                  0,
                  0
                ],
                "ix": 1
              },
              "s": {
                "a": 0,
                "k": [
                  100,
                  100
                ],
                "ix": 3
              },
              "r": {
                "a": 0,
                "k": 0,
                "ix": 6
              },
              "o": {
                "a": 0,
                "k": 100,
                "ix": 7
              },
              "sk": {
                "a": 0,
                "k": 0,
                "ix": 4
              },
              "sa": {
                "a": 0,
                "k": 0,
                "ix": 5
              },
              "nm": "Transform"
            }
          ],
          "nm": "Group 1",
          "np": 4,
          "cix": 2,
          "bm": 0,
          "ix": 1,
          "mn": "ADBE Vector Group",
          "hd": false
        }
      ],
      "ip": 0,
      "op": 1800,
      "st": 0,
      "bm": 0
    },
    {
      "ddd": 0,
      "ind": 5,
      "ty": 4,
      "nm": "синяя херня.ai",
      "cl": "ai",
      "sr": 1,
      "ks": {
        "o": {
          "a": 0,
          "k": 100,
          "ix": 11
        },
        "r": {
          "a": 0,
          "k": 0,
          "ix": 10
        },
        "p": {
          "a": 1,
          "k": [
            {
              "i": {
                "x": 0.667,
                "y": 1
              },
              "o": {
                "x": 0.333,
                "y": 0
              },
              "t": 0,
              "s": [
                1862.67,
                1476.2,
                0
              ],
              "to": [
                0,
                2.667,
                0
              ],
              "ti": [
                0,
                -2.667,
                0
              ]
            },
            {
              "t": 30,
              "s": [
                1862.67,
                1492.2,
                0
              ]
            }
          ],
          "ix": 2,
          "x": "var $bm_rt;\n$bm_rt = loopOut('pingpong');"
        },
        "a": {
          "a": 0,
          "k": [
            67.877,
            60,
            0
          ],
          "ix": 1
        },
        "s": {
          "a": 0,
          "k": [
            1321,
            1321,
            100
          ],
          "ix": 6
        }
      },
      "ao": 0,
      "shapes": [
        {
          "ty": "gr",
          "it": [
            {
              "ind": 0,
              "ty": "sh",
              "ix": 1,
              "ks": {
                "a": 0,
                "k": {
                  "i": [
                    [
                      17.731,
                      0
                    ],
                    [
                      0,
                      0
                    ],
                    [
                      4.865,
                      -11.548
                    ],
                    [
                      0,
                      0
                    ],
                    [
                      -8.878,
                      0
                    ],
                    [
                      0,
                      0
                    ],
                    [
                      0,
                      -13.384
                    ],
                    [
                      0,
                      0
                    ],
                    [
                      8.352,
                      -4.07
                    ],
                    [
                      0.318,
                      -1.04
                    ],
                    [
                      -0.502,
                      -0.914
                    ],
                    [
                      0,
                      0
                    ],
                    [
                      0,
                      0
                    ],
                    [
                      0.682,
                      0.042
                    ],
                    [
                      0,
                      0
                    ],
                    [
                      0.156,
                      -1.442
                    ],
                    [
                      0,
                      0
                    ],
                    [
                      -1.097,
                      0
                    ],
                    [
                      -0.885,
                      1.046
                    ],
                    [
                      0.404,
                      2.367
                    ],
                    [
                      0,
                      0
                    ],
                    [
                      0,
                      11.071
                    ],
                    [
                      0,
                      0
                    ]
                  ],
                  "o": [
                    [
                      0,
                      0
                    ],
                    [
                      -13.324,
                      0
                    ],
                    [
                      0,
                      0
                    ],
                    [
                      4.249,
                      -7.103
                    ],
                    [
                      0,
                      0
                    ],
                    [
                      13.417,
                      0
                    ],
                    [
                      0,
                      0
                    ],
                    [
                      0,
                      9.174
                    ],
                    [
                      -0.979,
                      0.476
                    ],
                    [
                      -0.305,
                      1
                    ],
                    [
                      0,
                      0
                    ],
                    [
                      0,
                      0
                    ],
                    [
                      -0.574,
                      -0.38
                    ],
                    [
                      0,
                      0
                    ],
                    [
                      0,
                      1.484
                    ],
                    [
                      0,
                      0
                    ],
                    [
                      1.056,
                      0.705
                    ],
                    [
                      1.398,
                      0
                    ],
                    [
                      0.568,
                      -0.676
                    ],
                    [
                      0,
                      0
                    ],
                    [
                      9.408,
                      -5.808
                    ],
                    [
                      0,
                      0
                    ],
                    [
                      0,
                      -17.684
                    ]
                  ],
                  "v": [
                    [
                      29.848,
                      -56
                    ],
                    [
                      -32.356,
                      -56
                    ],
                    [
                      -62,
                      -36.314
                    ],
                    [
                      -53.243,
                      -36.314
                    ],
                    [
                      -32.356,
                      -48.197
                    ],
                    [
                      29.848,
                      -48.197
                    ],
                    [
                      54.181,
                      -23.928
                    ],
                    [
                      54.181,
                      1.512
                    ],
                    [
                      40.435,
                      23.31
                    ],
                    [
                      38.408,
                      25.688
                    ],
                    [
                      38.719,
                      28.68
                    ],
                    [
                      41.484,
                      45.025
                    ],
                    [
                      13.386,
                      26.434
                    ],
                    [
                      11.459,
                      25.818
                    ],
                    [
                      11.459,
                      29.971
                    ],
                    [
                      11.21,
                      34.357
                    ],
                    [
                      42.327,
                      54.94
                    ],
                    [
                      45.573,
                      56
                    ],
                    [
                      49.16,
                      54.357
                    ],
                    [
                      50.227,
                      49.826
                    ],
                    [
                      46.666,
                      28.776
                    ],
                    [
                      62,
                      1.512
                    ],
                    [
                      62,
                      -23.928
                    ]
                  ],
                  "c": true
                },
                "ix": 2
              },
              "nm": "Path 1",
              "mn": "ADBE Vector Shape - Group",
              "hd": false
            },
            {
              "ty": "st",
              "c": {
                "a": 0,
                "k": [
                  0.521568655968,
                  0.082352943718,
                  1,
                  1
                ],
                "ix": 3
              },
              "o": {
                "a": 0,
                "k": 100,
                "ix": 4
              },
              "w": {
                "a": 1,
                "k": [
                  {
                    "i": {
                      "x": [
                        0.37
                      ],
                      "y": [
                        1
                      ]
                    },
                    "o": {
                      "x": [
                        0.63
                      ],
                      "y": [
                        0
                      ]
                    },
                    "t": 0,
                    "s": [
                      7.2
                    ]
                  },
                  {
                    "i": {
                      "x": [
                        0.37
                      ],
                      "y": [
                        1
                      ]
                    },
                    "o": {
                      "x": [
                        0.63
                      ],
                      "y": [
                        0
                      ]
                    },
                    "t": 12.5,
                    "s": [
                      8.4
                    ]
                  },
                  {
                    "t": 25,
                    "s": [
                      7.2
                    ]
                  }
                ],
                "ix": 5
              },
              "lc": 1,
              "lj": 1,
              "ml": 4,
              "bm": 0,
              "nm": "Stroke 1",
              "mn": "ADBE Vector Graphic - Stroke",
              "hd": false
            },
            {
              "ty": "fl",
              "c": {
                "a": 0,
                "k": [
                  0.521568655968,
                  0.082352943718,
                  1,
                  1
                ],
                "ix": 4
              },
              "o": {
                "a": 0,
                "k": 100,
                "ix": 5
              },
              "r": 1,
              "bm": 0,
              "nm": "Fill 1",
              "mn": "ADBE Vector Graphic - Fill",
              "hd": false
            },
            {
              "ty": "tr",
              "p": {
                "a": 0,
                "k": [
                  67.877,
                  60
                ],
                "ix": 2
              },
              "a": {
                "a": 0,
                "k": [
                  0,
                  0
                ],
                "ix": 1
              },
              "s": {
                "a": 0,
                "k": [
                  100,
                  100
                ],
                "ix": 3
              },
              "r": {
                "a": 0,
                "k": 0,
                "ix": 6
              },
              "o": {
                "a": 0,
                "k": 100,
                "ix": 7
              },
              "sk": {
                "a": 0,
                "k": 0,
                "ix": 4
              },
              "sa": {
                "a": 0,
                "k": 0,
                "ix": 5
              },
              "nm": "Transform"
            }
          ],
          "nm": "Group 1",
          "np": 3,
          "cix": 2,
          "bm": 0,
          "ix": 1,
          "mn": "ADBE Vector Group",
          "hd": false
        }
      ],
      "ip": 0,
      "op": 1800,
      "st": 0,
      "bm": 0
    }
  ],
  "markers": []
}